{"test/start_acc": 0.133, "epoch": 12, "test/end_acc": 0.136, "test/span_acc": 0.074, "test/em": 0.085, "test/f1": 0.15079752877356048, "train/start_acc": 0.437, "train/end_acc": 0.466, "train/span_acc": 0.324, "train/em": 0.353, "train/f1": 0.5066457134704243, "train/loss": 4.302168817520141, "validation/start_acc": 0.056, "validation/end_acc": 0.047, "validation/span_acc": 0.021, "validation/em": 0.026, "validation/f1": 0.07927855205483915, "validation/loss": 10.007467212677001, "_runtime": 162, "_timestamp": 1638842725, "_step": 325, "parameter_mean/_text_field_embedder.token_embedder_tokens.weight": -0.007956023328006268, "parameter_mean/_highway_layer._module._layers.0.weight": -0.0011118844849988818, "parameter_mean/_highway_layer._module._layers.0.bias": 0.5031992197036743, "parameter_mean/_highway_layer._module._layers.1.weight": 0.0002856537757907063, "parameter_mean/_highway_layer._module._layers.1.bias": 0.5029726028442383, "parameter_mean/_phrase_layer._module.weight_ih_l0": 0.004326306749135256, "parameter_mean/_phrase_layer._module.weight_hh_l0": -0.0005156155093573034, "parameter_mean/_phrase_layer._module.bias_ih_l0": 0.015583645552396774, "parameter_mean/_phrase_layer._module.bias_hh_l0": 0.0177066158503294, "parameter_mean/_phrase_layer._module.weight_ih_l0_reverse": 0.004936060402542353, "parameter_mean/_phrase_layer._module.weight_hh_l0_reverse": -0.0005958348629064858, "parameter_mean/_phrase_layer._module.bias_ih_l0_reverse": 0.012402299791574478, "parameter_mean/_phrase_layer._module.bias_hh_l0_reverse": 0.015191257931292057, "parameter_mean/_matrix_attention._weight_vector": 0.0036660556215792894, "parameter_mean/_matrix_attention._bias": 0.002819592831656337, "parameter_mean/_modeling_layer._module.weight_ih_l0": 0.001156521961092949, "parameter_mean/_modeling_layer._module.weight_hh_l0": 0.00020159596169833094, "parameter_mean/_modeling_layer._module.bias_ih_l0": 0.003180608619004488, "parameter_mean/_modeling_layer._module.bias_hh_l0": 0.01140175573527813, "parameter_mean/_modeling_layer._module.weight_ih_l0_reverse": 0.0008717661839909852, "parameter_mean/_modeling_layer._module.weight_hh_l0_reverse": 0.0005769276758655906, "parameter_mean/_modeling_layer._module.bias_ih_l0_reverse": 0.007695135194808245, "parameter_mean/_modeling_layer._module.bias_hh_l0_reverse": 0.0007205309811979532, "parameter_mean/_modeling_layer._module.weight_ih_l1": 0.0001427350944140926, "parameter_mean/_modeling_layer._module.weight_hh_l1": 0.0003368798061273992, "parameter_mean/_modeling_layer._module.bias_ih_l1": 0.007268873974680901, "parameter_mean/_modeling_layer._module.bias_hh_l1": 0.00839750375598669, "parameter_mean/_modeling_layer._module.weight_ih_l1_reverse": 5.133528611622751e-05, "parameter_mean/_modeling_layer._module.weight_hh_l1_reverse": 0.0005332906148396432, "parameter_mean/_modeling_layer._module.bias_ih_l1_reverse": 0.013111421838402748, "parameter_mean/_modeling_layer._module.bias_hh_l1_reverse": 0.009262523613870144, "parameter_mean/_span_end_encoder._module.weight_ih_l0": 0.001852006302215159, "parameter_mean/_span_end_encoder._module.weight_hh_l0": -0.00047787136281840503, "parameter_mean/_span_end_encoder._module.bias_ih_l0": 0.007598962169140577, "parameter_mean/_span_end_encoder._module.bias_hh_l0": 0.006585467141121626, "parameter_mean/_span_end_encoder._module.weight_ih_l0_reverse": 0.0022851398680359125, "parameter_mean/_span_end_encoder._module.weight_hh_l0_reverse": 0.0008944658329710364, "parameter_mean/_span_end_encoder._module.bias_ih_l0_reverse": 0.006901650223881006, "parameter_mean/_span_end_encoder._module.bias_hh_l0_reverse": 0.008768487721681595, "parameter_mean/_span_start_predictor._module.weight": -0.00936081912368536, "parameter_mean/_span_start_predictor._module.bias": 0.0010575595078989863, "parameter_mean/_span_end_predictor._module.weight": -0.00384259014390409, "parameter_mean/_span_end_predictor._module.bias": 0.01890222169458866, "parameter_std/_text_field_embedder.token_embedder_tokens.weight": 0.543197512626648, "parameter_std/_highway_layer._module._layers.0.weight": 0.06742314249277115, "parameter_std/_highway_layer._module._layers.0.bias": 0.4968922734260559, "parameter_std/_highway_layer._module._layers.1.weight": 0.0661611407995224, "parameter_std/_highway_layer._module._layers.1.bias": 0.500917911529541, "parameter_std/_phrase_layer._module.weight_ih_l0": 0.06602537631988525, "parameter_std/_phrase_layer._module.weight_hh_l0": 0.06269758194684982, "parameter_std/_phrase_layer._module.bias_ih_l0": 0.06152123212814331, "parameter_std/_phrase_layer._module.bias_hh_l0": 0.0627865120768547, "parameter_std/_phrase_layer._module.weight_ih_l0_reverse": 0.06656400114297867, "parameter_std/_phrase_layer._module.weight_hh_l0_reverse": 0.06432009488344193, "parameter_std/_phrase_layer._module.bias_ih_l0_reverse": 0.06123998388648033, "parameter_std/_phrase_layer._module.bias_hh_l0_reverse": 0.06168530508875847, "parameter_std/_matrix_attention._weight_vector": 0.06580769270658493, "parameter_std/_modeling_layer._module.weight_ih_l0": 0.06138115003705025, "parameter_std/_modeling_layer._module.weight_hh_l0": 0.06104680523276329, "parameter_std/_modeling_layer._module.bias_ih_l0": 0.059442270547151566, "parameter_std/_modeling_layer._module.bias_hh_l0": 0.06026136875152588, "parameter_std/_modeling_layer._module.weight_ih_l0_reverse": 0.06086187809705734, "parameter_std/_modeling_layer._module.weight_hh_l0_reverse": 0.0601394921541214, "parameter_std/_modeling_layer._module.bias_ih_l0_reverse": 0.05998571589589119, "parameter_std/_modeling_layer._module.bias_hh_l0_reverse": 0.05911741033196449, "parameter_std/_modeling_layer._module.weight_ih_l1": 0.06163894757628441, "parameter_std/_modeling_layer._module.weight_hh_l1": 0.06047343090176582, "parameter_std/_modeling_layer._module.bias_ih_l1": 0.05841574817895889, "parameter_std/_modeling_layer._module.bias_hh_l1": 0.05862191691994667, "parameter_std/_modeling_layer._module.weight_ih_l1_reverse": 0.061164915561676025, "parameter_std/_modeling_layer._module.weight_hh_l1_reverse": 0.06048073619604111, "parameter_std/_modeling_layer._module.bias_ih_l1_reverse": 0.058913540095090866, "parameter_std/_modeling_layer._module.bias_hh_l1_reverse": 0.05880162864923477, "parameter_std/_span_end_encoder._module.weight_ih_l0": 0.06077614426612854, "parameter_std/_span_end_encoder._module.weight_hh_l0": 0.06013841554522514, "parameter_std/_span_end_encoder._module.bias_ih_l0": 0.06110164523124695, "parameter_std/_span_end_encoder._module.bias_hh_l0": 0.05869412049651146, "parameter_std/_span_end_encoder._module.weight_ih_l0_reverse": 0.0622667632997036, "parameter_std/_span_end_encoder._module.weight_hh_l0_reverse": 0.06199658662080765, "parameter_std/_span_end_encoder._module.bias_ih_l0_reverse": 0.06132790818810463, "parameter_std/_span_end_encoder._module.bias_hh_l0_reverse": 0.057545170187950134, "parameter_std/_span_start_predictor._module.weight": 0.05333508178591728, "parameter_std/_span_end_predictor._module.weight": 0.04301701486110687, "gradient_mean/_highway_layer._module._layers.0.weight": -1.1391352927603293e-05, "gradient_mean/_highway_layer._module._layers.0.bias": -0.0017932619666680694, "gradient_mean/_highway_layer._module._layers.1.weight": -0.00011496974184410647, "gradient_mean/_highway_layer._module._layers.1.bias": -0.0024457834661006927, "gradient_mean/_phrase_layer._module.weight_ih_l0": -6.607749674003571e-05, "gradient_mean/_phrase_layer._module.weight_hh_l0": -1.0723223567765672e-05, "gradient_mean/_phrase_layer._module.bias_ih_l0": -0.0005266628577373922, "gradient_mean/_phrase_layer._module.bias_hh_l0": -0.0005266628577373922, "gradient_mean/_phrase_layer._module.weight_ih_l0_reverse": -0.0003807840112131089, "gradient_mean/_phrase_layer._module.weight_hh_l0_reverse": 8.667057409184054e-05, "gradient_mean/_phrase_layer._module.bias_ih_l0_reverse": -0.0038665421307086945,