{"test/start_acc": 0.172, "epoch": 19, "test/end_acc": 0.188, "test/span_acc": 0.114, "test/em": 0.13, "test/f1": 0.19655314023408152, "train/start_acc": 0.485, "train/end_acc": 0.56, "train/span_acc": 0.385, "train/em": 0.422, "train/f1": 0.5781729021913261, "train/loss": 3.620239534378052, "validation/start_acc": 0.068, "validation/end_acc": 0.074, "validation/span_acc": 0.042, "validation/em": 0.046, "validation/f1": 0.10037445764857117, "validation/loss": 10.46320650100708, "_runtime": 251, "_timestamp": 1638842361, "_step": 500, "parameter_mean/_text_field_embedder.token_embedder_tokens.weight": -0.007837141864001751, "parameter_mean/_highway_layer._module._layers.0.weight": -0.0003800304257310927, "parameter_mean/_highway_layer._module._layers.0.bias": 0.5073007345199585, "parameter_mean/_highway_layer._module._layers.1.weight": 0.00037701730616390705, "parameter_mean/_highway_layer._module._layers.1.bias": 0.5052871108055115, "parameter_mean/_phrase_layer._module.weight_ih_l0": 0.005597686395049095, "parameter_mean/_phrase_layer._module.weight_hh_l0": 0.0010560533264651895, "parameter_mean/_phrase_layer._module.bias_ih_l0": 0.02348569594323635, "parameter_mean/_phrase_layer._module.bias_hh_l0": 0.02197672240436077, "parameter_mean/_phrase_layer._module.weight_ih_l0_reverse": 0.006299820262938738, "parameter_mean/_phrase_layer._module.weight_hh_l0_reverse": -0.0018926498014479876, "parameter_mean/_phrase_layer._module.bias_ih_l0_reverse": 0.022695370018482208, "parameter_mean/_phrase_layer._module.bias_hh_l0_reverse": 0.020730551332235336, "parameter_mean/_matrix_attention._weight_vector": 0.0022792827803641558, "parameter_mean/_matrix_attention._bias": 0.0033450329210609198, "parameter_mean/_modeling_layer._module.weight_ih_l0": 0.0013536382466554642, "parameter_mean/_modeling_layer._module.weight_hh_l0": 0.00011154025560244918, "parameter_mean/_modeling_layer._module.bias_ih_l0": 0.006066046189516783, "parameter_mean/_modeling_layer._module.bias_hh_l0": 0.0061401785351336, "parameter_mean/_modeling_layer._module.weight_ih_l0_reverse": 0.0007276638643816113, "parameter_mean/_modeling_layer._module.weight_hh_l0_reverse": -0.00012843371951021254, "parameter_mean/_modeling_layer._module.bias_ih_l0_reverse": 0.009932047687470913, "parameter_mean/_modeling_layer._module.bias_hh_l0_reverse": 0.010460429824888706, "parameter_mean/_modeling_layer._module.weight_ih_l1": 0.00014323453069664538, "parameter_mean/_modeling_layer._module.weight_hh_l1": -0.0006370387854985893, "parameter_mean/_modeling_layer._module.bias_ih_l1": 0.007788230199366808, "parameter_mean/_modeling_layer._module.bias_hh_l1": 0.00782730896025896, "parameter_mean/_modeling_layer._module.weight_ih_l1_reverse": -0.00038657081313431263, "parameter_mean/_modeling_layer._module.weight_hh_l1_reverse": -0.00015378302487079054, "parameter_mean/_modeling_layer._module.bias_ih_l1_reverse": 0.01448384765535593, "parameter_mean/_modeling_layer._module.bias_hh_l1_reverse": 0.017803452908992767, "parameter_mean/_span_end_encoder._module.weight_ih_l0": 0.0017141023417934775, "parameter_mean/_span_end_encoder._module.weight_hh_l0": -0.0008224209304898977, "parameter_mean/_span_end_encoder._module.bias_ih_l0": 0.0059125409461557865, "parameter_mean/_span_end_encoder._module.bias_hh_l0": 0.006526536773890257, "parameter_mean/_span_end_encoder._module.weight_ih_l0_reverse": 0.0017268075607717037, "parameter_mean/_span_end_encoder._module.weight_hh_l0_reverse": -0.0004141015524510294, "parameter_mean/_span_end_encoder._module.bias_ih_l0_reverse": 0.0076063028536736965, "parameter_mean/_span_end_encoder._module.bias_hh_l0_reverse": 0.0014344115043058991, "parameter_mean/_span_start_predictor._module.weight": -0.010567412711679935, "parameter_mean/_span_start_predictor._module.bias": 0.06343510001897812, "parameter_mean/_span_end_predictor._module.weight": -0.004588157404214144, "parameter_mean/_span_end_predictor._module.bias": 0.020032264292240143, "parameter_std/_text_field_embedder.token_embedder_tokens.weight": 0.5435531735420227, "parameter_std/_highway_layer._module._layers.0.weight": 0.06852789968252182, "parameter_std/_highway_layer._module._layers.0.bias": 0.4925681948661804, "parameter_std/_highway_layer._module._layers.1.weight": 0.06812257319688797, "parameter_std/_highway_layer._module._layers.1.bias": 0.4948584735393524, "parameter_std/_phrase_layer._module.weight_ih_l0": 0.06708221137523651, "parameter_std/_phrase_layer._module.weight_hh_l0": 0.06455770134925842, "parameter_std/_phrase_layer._module.bias_ih_l0": 0.06598398834466934, "parameter_std/_phrase_layer._module.bias_hh_l0": 0.062025997787714005, "parameter_std/_phrase_layer._module.weight_ih_l0_reverse": 0.06788093596696854, "parameter_std/_phrase_layer._module.weight_hh_l0_reverse": 0.06499560922384262, "parameter_std/_phrase_layer._module.bias_ih_l0_reverse": 0.06561237573623657, "parameter_std/_phrase_layer._module.bias_hh_l0_reverse": 0.062274884432554245, "parameter_std/_matrix_attention._weight_vector": 0.07084879279136658, "parameter_std/_modeling_layer._module.weight_ih_l0": 0.06161314249038696, "parameter_std/_modeling_layer._module.weight_hh_l0": 0.06139388680458069, "parameter_std/_modeling_layer._module.bias_ih_l0": 0.06099643558263779, "parameter_std/_modeling_layer._module.bias_hh_l0": 0.05884561315178871, "parameter_std/_modeling_layer._module.weight_ih_l0_reverse": 0.061411045491695404, "parameter_std/_modeling_layer._module.weight_hh_l0_reverse": 0.0604255273938179, "parameter_std/_modeling_layer._module.bias_ih_l0_reverse": 0.05960517376661301, "parameter_std/_modeling_layer._module.bias_hh_l0_reverse": 0.059092193841934204, "parameter_std/_modeling_layer._module.weight_ih_l1": 0.0619962103664875, "parameter_std/_modeling_layer._module.weight_hh_l1": 0.060683902353048325, "parameter_std/_modeling_layer._module.bias_ih_l1": 0.06038208305835724, "parameter_std/_modeling_layer._module.bias_hh_l1": 0.062262699007987976, "parameter_std/_modeling_layer._module.weight_ih_l1_reverse": 0.06187630817294121, "parameter_std/_modeling_layer._module.weight_hh_l1_reverse": 0.06073172762989998, "parameter_std/_modeling_layer._module.bias_ih_l1_reverse": 0.0589434877038002, "parameter_std/_modeling_layer._module.bias_hh_l1_reverse": 0.05610299110412598, "parameter_std/_span_end_encoder._module.weight_ih_l0": 0.06101744994521141, "parameter_std/_span_end_encoder._module.weight_hh_l0": 0.060130272060632706, "parameter_std/_span_end_encoder._module.bias_ih_l0": 0.05747133120894432, "parameter_std/_span_end_encoder._module.bias_hh_l0": 0.0589178130030632, "parameter_std/_span_end_encoder._module.weight_ih_l0_reverse": 0.06221074238419533, "parameter_std/_span_end_encoder._module.weight_hh_l0_reverse": 0.06217450648546219, "parameter_std/_span_end_encoder._module.bias_ih_l0_reverse": 0.06086152791976929, "parameter_std/_span_end_encoder._module.bias_hh_l0_reverse": 0.06291162967681885, "parameter_std/_span_start_predictor._module.weight": 0.05898234620690346, "parameter_std/_span_end_predictor._module.weight": 0.044382624328136444, "gradient_mean/_highway_layer._module._layers.0.weight": 3.144533548038453e-05, "gradient_mean/_highway_layer._module._layers.0.bias": -0.0009010245557874441, "gradient_mean/_highway_layer._module._layers.1.weight": -3.391428617760539e-05, "gradient_mean/_highway_layer._module._layers.1.bias": -0.0008958709076978266, "gradient_mean/_phrase_layer._module.weight_ih_l0": -5.315175440046005e-05, "gradient_mean/_phrase_layer._module.weight_hh_l0": -3.318632298032753e-05, "gradient_mean/_phrase_layer._module.bias_ih_l0": -0.0007474988815374672, "gradient_mean/_phrase_layer._module.bias_hh_l0": -0.0007474988815374672, "gradient_mean/_phrase_layer._module.weight_ih_l0_reverse": -0.00011650848318822682, "gradient_mean/_phrase_layer._module.weight_hh_l0_reverse": 1.5893923773546703e-05, "gradient_mean/_phrase_layer._module.bias_ih_l0_reverse": -0.0010947678238153458,