{"test/start_acc": 0.025, "epoch": 11, "test/end_acc": 0.014, "test/span_acc": 0.012, "test/em": 0.023, "test/f1": 0.03541041519072598, "train/start_acc": 0.817, "train/end_acc": 0.998, "train/span_acc": 0.818, "train/em": 0.869, "train/f1": 0.9612548756798744, "train/loss": 0.5019646435976028, "validation/start_acc": 0.027, "validation/end_acc": 0.021, "validation/span_acc": 0.008, "validation/em": 0.012, "validation/f1": 0.027788996601369433, "validation/loss": 16.25767204284668, "_runtime": 154, "_timestamp": 1638843310, "_step": 300, "parameter_mean/_text_field_embedder.token_embedder_tokens.weight": -0.008323006331920624, "parameter_mean/_highway_layer._module._layers.0.weight": 0.0003347948950249702, "parameter_mean/_highway_layer._module._layers.0.bias": 0.5105075240135193, "parameter_mean/_highway_layer._module._layers.1.weight": 0.0009783521527424455, "parameter_mean/_highway_layer._module._layers.1.bias": 0.5076944828033447, "parameter_mean/_phrase_layer._module.weight_ih_l0": 0.004261335823684931, "parameter_mean/_phrase_layer._module.weight_hh_l0": 0.0003456562990322709, "parameter_mean/_phrase_layer._module.bias_ih_l0": 0.013910763897001743, "parameter_mean/_phrase_layer._module.bias_hh_l0": 0.015689367428421974, "parameter_mean/_phrase_layer._module.weight_ih_l0_reverse": 0.0029718917794525623, "parameter_mean/_phrase_layer._module.weight_hh_l0_reverse": -0.0007322015590034425, "parameter_mean/_phrase_layer._module.bias_ih_l0_reverse": 0.014640304259955883, "parameter_mean/_phrase_layer._module.bias_hh_l0_reverse": 0.016998643055558205, "parameter_mean/_matrix_attention._weight_vector": 0.00512967724353075, "parameter_mean/_matrix_attention._bias": -0.0009284463594667614, "parameter_mean/_modeling_layer._module.weight_ih_l0": 0.002237803302705288, "parameter_mean/_modeling_layer._module.weight_hh_l0": 0.0006396836834028363, "parameter_mean/_modeling_layer._module.bias_ih_l0": 0.015287043526768684, "parameter_mean/_modeling_layer._module.bias_hh_l0": 0.020817477256059647, "parameter_mean/_modeling_layer._module.weight_ih_l0_reverse": 0.0015938992146402597, "parameter_mean/_modeling_layer._module.weight_hh_l0_reverse": 0.0003946272481698543, "parameter_mean/_modeling_layer._module.bias_ih_l0_reverse": 0.003094347892329097, "parameter_mean/_modeling_layer._module.bias_hh_l0_reverse": 0.007948829792439938, "parameter_mean/_modeling_layer._module.weight_ih_l1": 0.00030662069912068546, "parameter_mean/_modeling_layer._module.weight_hh_l1": 0.0008721475605852902, "parameter_mean/_modeling_layer._module.bias_ih_l1": 0.01252770610153675, "parameter_mean/_modeling_layer._module.bias_hh_l1": 0.009048963896930218, "parameter_mean/_modeling_layer._module.weight_ih_l1_reverse": 0.0006349519826471806, "parameter_mean/_modeling_layer._module.weight_hh_l1_reverse": -0.0006087367073632777, "parameter_mean/_modeling_layer._module.bias_ih_l1_reverse": 0.008442484773695469, "parameter_mean/_modeling_layer._module.bias_hh_l1_reverse": 0.013217427767813206, "parameter_mean/_span_end_encoder._module.weight_ih_l0": 0.0029787712264806032, "parameter_mean/_span_end_encoder._module.weight_hh_l0": 0.00039387005381286144, "parameter_mean/_span_end_encoder._module.bias_ih_l0": 0.01130516268312931, "parameter_mean/_span_end_encoder._module.bias_hh_l0": 0.008170142769813538, "parameter_mean/_span_end_encoder._module.weight_ih_l0_reverse": 0.0038142940029501915, "parameter_mean/_span_end_encoder._module.weight_hh_l0_reverse": 0.0006179115152917802, "parameter_mean/_span_end_encoder._module.bias_ih_l0_reverse": 0.015227030962705612, "parameter_mean/_span_end_encoder._module.bias_hh_l0_reverse": 0.012490958906710148, "parameter_mean/_span_start_predictor._module.weight": -0.0071502309292554855, "parameter_mean/_span_start_predictor._module.bias": -0.014076581224799156, "parameter_mean/_span_end_predictor._module.weight": -0.004245868884027004, "parameter_mean/_span_end_predictor._module.bias": -0.05921173095703125, "parameter_std/_text_field_embedder.token_embedder_tokens.weight": 0.5340210795402527, "parameter_std/_highway_layer._module._layers.0.weight": 0.0655001699924469, "parameter_std/_highway_layer._module._layers.0.bias": 0.49462130665779114, "parameter_std/_highway_layer._module._layers.1.weight": 0.06507552415132523, "parameter_std/_highway_layer._module._layers.1.bias": 0.4990522563457489, "parameter_std/_phrase_layer._module.weight_ih_l0": 0.06594119966030121, "parameter_std/_phrase_layer._module.weight_hh_l0": 0.06398540735244751, "parameter_std/_phrase_layer._module.bias_ih_l0": 0.0652785524725914, "parameter_std/_phrase_layer._module.bias_hh_l0": 0.06184839829802513, "parameter_std/_phrase_layer._module.weight_ih_l0_reverse": 0.06555081158876419, "parameter_std/_phrase_layer._module.weight_hh_l0_reverse": 0.06269066780805588, "parameter_std/_phrase_layer._module.bias_ih_l0_reverse": 0.06162787601351738, "parameter_std/_phrase_layer._module.bias_hh_l0_reverse": 0.06250271946191788, "parameter_std/_matrix_attention._weight_vector": 0.0663258358836174, "parameter_std/_modeling_layer._module.weight_ih_l0": 0.06225946918129921, "parameter_std/_modeling_layer._module.weight_hh_l0": 0.06171096861362457, "parameter_std/_modeling_layer._module.bias_ih_l0": 0.06379368901252747, "parameter_std/_modeling_layer._module.bias_hh_l0": 0.06219763308763504, "parameter_std/_modeling_layer._module.weight_ih_l0_reverse": 0.06044767424464226, "parameter_std/_modeling_layer._module.weight_hh_l0_reverse": 0.060510773211717606, "parameter_std/_modeling_layer._module.bias_ih_l0_reverse": 0.05902542546391487, "parameter_std/_modeling_layer._module.bias_hh_l0_reverse": 0.058144256472587585, "parameter_std/_modeling_layer._module.weight_ih_l1": 0.06179717928171158, "parameter_std/_modeling_layer._module.weight_hh_l1": 0.06046758592128754, "parameter_std/_modeling_layer._module.bias_ih_l1": 0.06256276369094849, "parameter_std/_modeling_layer._module.bias_hh_l1": 0.058386094868183136, "parameter_std/_modeling_layer._module.weight_ih_l1_reverse": 0.06187378615140915, "parameter_std/_modeling_layer._module.weight_hh_l1_reverse": 0.06062696501612663, "parameter_std/_modeling_layer._module.bias_ih_l1_reverse": 0.06240248307585716, "parameter_std/_modeling_layer._module.bias_hh_l1_reverse": 0.05934109166264534, "parameter_std/_span_end_encoder._module.weight_ih_l0": 0.06148722022771835, "parameter_std/_span_end_encoder._module.weight_hh_l0": 0.06092517822980881, "parameter_std/_span_end_encoder._module.bias_ih_l0": 0.05869293957948685, "parameter_std/_span_end_encoder._module.bias_hh_l0": 0.06109822914004326, "parameter_std/_span_end_encoder._module.weight_ih_l0_reverse": 0.06240598112344742, "parameter_std/_span_end_encoder._module.weight_hh_l0_reverse": 0.06336745619773865, "parameter_std/_span_end_encoder._module.bias_ih_l0_reverse": 0.06127432361245155, "parameter_std/_span_end_encoder._module.bias_hh_l0_reverse": 0.06256236135959625, "parameter_std/_span_start_predictor._module.weight": 0.050915829837322235, "parameter_std/_span_end_predictor._module.weight": 0.0468103252351284, "gradient_mean/_highway_layer._module._layers.0.weight": -1.5289126167772338e-05, "gradient_mean/_highway_layer._module._layers.0.bias": -0.00043076701695099473, "gradient_mean/_highway_layer._module._layers.1.weight": -6.57827258692123e-05, "gradient_mean/_highway_layer._module._layers.1.bias": -0.0005699170869775116, "gradient_mean/_phrase_layer._module.weight_ih_l0": -2.4367438527406193e-05, "gradient_mean/_phrase_layer._module.weight_hh_l0": 6.295098955888534e-06, "gradient_mean/_phrase_layer._module.bias_ih_l0": -9.176271123578772e-05, "gradient_mean/_phrase_layer._module.bias_hh_l0": -9.176271123578772e-05, "gradient_mean/_phrase_layer._module.weight_ih_l0_reverse": -0.00013799808220937848, "gradient_mean/_phrase_layer._module.weight_hh_l0_reverse": 3.958182787755504e-05, "gradient_mean/_phrase_layer._module.bias_ih_l0_reverse": -0.0011450625024735928,