epoch,step,Clean,Error-min-0,Error-min-30
0,217,0.811092806,0.505766063,0.707852828
1,434,0.826468973,0.529928611,0.786381109
2,651,0.842943438,0.512355848,0.718286656
3,868,0.845140033,0.518396485,0.756727073
4,1085,0.847885777,0.509060956,0.78583196
